{
  "lang":"en",
  "name":"pipeline",
  "version":"0.0.0",
  "spacy_version":">=3.7.2,<3.8.0",
  "description":"",
  "author":"",
  "email":"",
  "url":"",
  "license":"",
  "spacy_git_version":"a89eae928",
  "vectors":{
    "width":0,
    "vectors":0,
    "keys":0,
    "name":null,
    "mode":"default"
  },
  "labels":{
    "tok2vec":[

    ],
    "ner":[
      "Achievements",
      "Certifications",
      "Degree",
      "Email",
      "Experience",
      "Name",
      "Phone",
      "ProjectLink",
      "ProjectLinks",
      "Project_Link",
      "Projects",
      "Skills"
    ]
  },
  "pipeline":[
    "tok2vec",
    "ner"
  ],
  "components":[
    "tok2vec",
    "ner"
  ],
  "disabled":[

  ],
  "performance":{
    "ents_f":0.9859185798,
    "ents_p":0.988084125,
    "ents_r":0.9837625062,
    "ents_per_type":{
      "Name":{
        "p":1.0,
        "r":1.0,
        "f":1.0
      },
      "Email":{
        "p":1.0,
        "r":1.0,
        "f":1.0
      },
      "Phone":{
        "p":1.0,
        "r":0.9973474801,
        "f":0.9986719788
      },
      "Experience":{
        "p":0.9962546816,
        "r":0.990689013,
        "f":0.9934640523
      },
      "Degree":{
        "p":0.9755948749,
        "r":0.9864281308,
        "f":0.9809815951
      },
      "Skills":{
        "p":0.9845908001,
        "r":0.9731498195,
        "f":0.9788368794
      },
      "Projects":{
        "p":0.9939271255,
        "r":0.9919191919,
        "f":0.9929221436
      },
      "Certifications":{
        "p":0.9538745387,
        "r":0.9736346516,
        "f":0.9636533085
      },
      "Achievements":{
        "p":0.9913482336,
        "r":0.9927797834,
        "f":0.9920634921
      },
      "ProjectLink":{
        "p":1.0,
        "r":1.0,
        "f":1.0
      },
      "ProjectLinks":{
        "p":1.0,
        "r":1.0,
        "f":1.0
      },
      "Project_Link":{
        "p":1.0,
        "r":1.0,
        "f":1.0
      }
    },
    "tok2vec_loss":1135.5746066078,
    "ner_loss":828.8299341009
  }
}