{
  "lang":"en",
  "name":"pipeline",
  "version":"0.0.0",
  "spacy_version":">=3.7.2,<3.8.0",
  "description":"",
  "author":"",
  "email":"",
  "url":"",
  "license":"",
  "spacy_git_version":"a89eae928",
  "vectors":{
    "width":0,
    "vectors":0,
    "keys":0,
    "name":null,
    "mode":"default"
  },
  "labels":{
    "tok2vec":[

    ],
    "ner":[
      "Achievements",
      "Certifications",
      "Degree",
      "Email",
      "Experience",
      "Name",
      "Phone",
      "ProjectLink",
      "ProjectLinks",
      "Project_Link",
      "Projects",
      "Skills"
    ]
  },
  "pipeline":[
    "tok2vec",
    "ner"
  ],
  "components":[
    "tok2vec",
    "ner"
  ],
  "disabled":[

  ],
  "performance":{
    "ents_f":0.9863260953,
    "ents_p":0.9867578659,
    "ents_r":0.9858947023,
    "ents_per_type":{
      "Name":{
        "p":1.0,
        "r":1.0,
        "f":1.0
      },
      "Email":{
        "p":1.0,
        "r":1.0,
        "f":1.0
      },
      "Phone":{
        "p":0.998013245,
        "r":0.99933687,
        "f":0.998674619
      },
      "Experience":{
        "p":0.9962546816,
        "r":0.990689013,
        "f":0.9934640523
      },
      "Degree":{
        "p":0.9803076923,
        "r":0.9827267119,
        "f":0.9815157116
      },
      "Skills":{
        "p":0.9821145574,
        "r":0.9787906137,
        "f":0.9804497683
      },
      "Projects":{
        "p":0.991902834,
        "r":0.9898989899,
        "f":0.9908998989
      },
      "Certifications":{
        "p":0.9517625232,
        "r":0.9661016949,
        "f":0.9588785047
      },
      "Achievements":{
        "p":0.9877609791,
        "r":0.9906137184,
        "f":0.989185292
      },
      "ProjectLink":{
        "p":1.0,
        "r":1.0,
        "f":1.0
      },
      "ProjectLinks":{
        "p":1.0,
        "r":1.0,
        "f":1.0
      },
      "Project_Link":{
        "p":1.0,
        "r":1.0,
        "f":1.0
      }
    },
    "tok2vec_loss":865.9821978722,
    "ner_loss":918.6240891091
  }
}